iteration,prompt,answer,feedback,revised
1,What is the square root of 256?,The square root of 256 is 16.,Critic: Answer is sufficient.,The square root of 256 is 16.
1,Explain how photosynthesis occurs.,"Photosynthesis is the process by which green plants and some other organisms use sunlight to synthesize foods from carbon dioxide and water.  It's a complex series of reactions, but can be broadly broken down into two main stages: the light-dependent reactions and the light-independent reactions (also known as the Calvin cycle).

**1. Light-Dependent Reactions:** These reactions occur in the thylakoid membranes within chloroplasts.  Here's a summary:

* **Light Absorption:** Chlorophyll and other pigments within photosystems (protein complexes) in the thylakoid membrane absorb light energy.  This excites electrons in the chlorophyll molecules to a higher energy level.
* **Electron Transport Chain:**  The energized electrons are passed along an electron transport chain, a series of protein complexes embedded in the thylakoid membrane.  As electrons move down the chain, energy is released. This energy is used to:
    * **Pump protons (H+ ions):**  Across the thylakoid membrane, creating a proton gradient.
    * **Produce ATP:** The proton gradient drives ATP synthase, an enzyme that produces ATP (adenosine triphosphate), the cell's main energy currency.
* **Water Splitting (Photolysis):**  To replace the electrons lost by chlorophyll, water molecules are split. This process releases electrons, protons (H+), and oxygen (O2) as a byproduct.  This is where the oxygen we breathe comes from.
* **NADPH Formation:** At the end of the electron transport chain, the electrons are used to reduce NADP+ to NADPH, another energy-carrying molecule.

**2. Light-Independent Reactions (Calvin Cycle):** These reactions occur in the stroma, the fluid-filled space surrounding the thylakoids within the chloroplast.  This cycle uses the ATP and NADPH produced in the light-dependent reactions to convert carbon dioxide into glucose.

* **Carbon Fixation:** Carbon dioxide from the atmosphere enters the cycle and combines with a five-carbon molecule called RuBP (ribulose-1,5-bisphosphate), catalyzed by the enzyme RuBisCO. This forms an unstable six-carbon compound that quickly breaks down into two three-carbon molecules called 3-PGA (3-phosphoglycerate).
* **Reduction:** ATP and NADPH from the light-dependent reactions are used to convert 3-PGA into G3P (glyceraldehyde-3-phosphate), a three-carbon sugar.
* **Regeneration of RuBP:** Some G3P molecules are used to regenerate RuBP, ensuring the cycle can continue.
* **Glucose Synthesis:**  Other G3P molecules are used to synthesize glucose and other organic molecules, which the plant uses for energy, growth, and storage.


In short:  Photosynthesis uses light energy to convert carbon dioxide and water into glucose (a sugar) and oxygen. The light-dependent reactions capture light energy and convert it into chemical energy in the form of ATP and NADPH. The light-independent reactions use this chemical energy to fix carbon dioxide and build glucose.  The entire process is crucial for life on Earth, as it forms the base of most food chains and produces the oxygen we breathe.",Critic: Answer needs improvement.,"Photosynthesis is the process by which green plants and some other organisms convert light energy into chemical energy in the form of glucose.  It occurs in two main stages within chloroplasts:

**1. Light-Dependent Reactions:**  These reactions take place in the thylakoid membranes. Chlorophyll absorbs light energy, exciting electrons.  These electrons travel down an electron transport chain, generating ATP and NADPH via chemiosmosis driven by a proton gradient created by the electron transport.  Water is split (photolysis), providing replacement electrons and releasing oxygen as a byproduct.

**2. Light-Independent Reactions (Calvin Cycle):**  These reactions occur in the stroma.  ATP and NADPH from the light-dependent reactions power the fixation of atmospheric carbon dioxide into organic molecules.  Specifically, CO₂ combines with RuBP, catalyzed by RuBisCO.  This is reduced to G3P using ATP and NADPH. Some G3P regenerates RuBP, while the remainder is used to synthesize glucose and other carbohydrates.

In summary, photosynthesis uses light energy to convert carbon dioxide and water into glucose and oxygen, forming the foundation of most food chains and providing the oxygen necessary for aerobic respiration."
2,Explain how photosynthesis occurs.,"Photosynthesis is the process by which green plants and some other organisms convert light energy into chemical energy in the form of glucose.  It occurs in two main stages within chloroplasts:

**1. Light-Dependent Reactions:**  These reactions take place in the thylakoid membranes. Chlorophyll absorbs light energy, exciting electrons.  These electrons travel down an electron transport chain, generating ATP and NADPH via chemiosmosis driven by a proton gradient created by the electron transport.  Water is split (photolysis), providing replacement electrons and releasing oxygen as a byproduct.

**2. Light-Independent Reactions (Calvin Cycle):**  These reactions occur in the stroma.  ATP and NADPH from the light-dependent reactions power the fixation of atmospheric carbon dioxide into organic molecules.  Specifically, CO₂ combines with RuBP, catalyzed by RuBisCO.  This is reduced to G3P using ATP and NADPH. Some G3P regenerates RuBP, while the remainder is used to synthesize glucose and other carbohydrates.

In summary, photosynthesis uses light energy to convert carbon dioxide and water into glucose and oxygen, forming the foundation of most food chains and providing the oxygen necessary for aerobic respiration.",Critic: Answer needs improvement.,"Photosynthesis, occurring in chloroplasts, converts light energy into chemical energy stored in glucose.  The process comprises two stages:

**1. Light-dependent reactions:** In the thylakoid membranes, chlorophyll absorbs light, energizing electrons.  These electrons move through an electron transport chain, generating ATP and NADPH.  This process, driven by a proton gradient, also splits water (photolysis), releasing oxygen.

**2. Light-independent reactions (Calvin cycle):**  In the stroma, ATP and NADPH from the light-dependent reactions power the reduction of carbon dioxide.  CO₂ combines with RuBP, catalyzed by RuBisCO, and is subsequently reduced to G3P using ATP and NADPH.  Some G3P regenerates RuBP; the rest forms glucose and other carbohydrates.

Photosynthesis utilizes light energy, carbon dioxide, and water to produce glucose and oxygen, supporting most food chains and providing oxygen for aerobic respiration."
3,Explain how photosynthesis occurs.,"Photosynthesis, occurring in chloroplasts, converts light energy into chemical energy stored in glucose.  The process comprises two stages:

**1. Light-dependent reactions:** In the thylakoid membranes, chlorophyll absorbs light, energizing electrons.  These electrons move through an electron transport chain, generating ATP and NADPH.  This process, driven by a proton gradient, also splits water (photolysis), releasing oxygen.

**2. Light-independent reactions (Calvin cycle):**  In the stroma, ATP and NADPH from the light-dependent reactions power the reduction of carbon dioxide.  CO₂ combines with RuBP, catalyzed by RuBisCO, and is subsequently reduced to G3P using ATP and NADPH.  Some G3P regenerates RuBP; the rest forms glucose and other carbohydrates.

Photosynthesis utilizes light energy, carbon dioxide, and water to produce glucose and oxygen, supporting most food chains and providing oxygen for aerobic respiration.",Critic: Answer is sufficient.,"Photosynthesis, occurring in chloroplasts, converts light energy into chemical energy stored in glucose.  The process comprises two stages:

**1. Light-dependent reactions:** In the thylakoid membranes, chlorophyll absorbs light, energizing electrons.  These electrons move through an electron transport chain, generating ATP and NADPH.  This process, driven by a proton gradient, also splits water (photolysis), releasing oxygen.

**2. Light-independent reactions (Calvin cycle):**  In the stroma, ATP and NADPH from the light-dependent reactions power the reduction of carbon dioxide.  CO₂ combines with RuBP, catalyzed by RuBisCO, and is subsequently reduced to G3P using ATP and NADPH.  Some G3P regenerates RuBP; the rest forms glucose and other carbohydrates.

Photosynthesis utilizes light energy, carbon dioxide, and water to produce glucose and oxygen, supporting most food chains and providing oxygen for aerobic respiration."
1,Define natural selection.,"Natural selection is the process through which populations of living organisms adapt and change.  Individuals in a population are naturally variable, meaning they have different traits.  These traits can be inherited.  Individuals with traits better suited to their environment tend to survive and produce more offspring than those with less suitable traits.  Over time, this leads to a gradual change in the characteristics of a population, as advantageous traits become more common.  This is driven by the environment, which acts as a selective pressure, favoring certain traits over others.",Critic: Answer is sufficient.,"Natural selection is the process through which populations of living organisms adapt and change.  Individuals in a population are naturally variable, meaning they have different traits.  These traits can be inherited.  Individuals with traits better suited to their environment tend to survive and produce more offspring than those with less suitable traits.  Over time, this leads to a gradual change in the characteristics of a population, as advantageous traits become more common.  This is driven by the environment, which acts as a selective pressure, favoring certain traits over others."
1,What are the three states of matter?,"The three common states of matter are solid, liquid, and gas.",Critic: Answer is sufficient.,"The three common states of matter are solid, liquid, and gas."
1,Explain the water cycle.,"The water cycle, also known as the hydrologic cycle, is the continuous movement of water on, above, and below the surface of the Earth.  It's a closed system, meaning water isn't created or destroyed, just constantly recycled.  The cycle is driven by solar energy and gravity.  Here's a breakdown of the key processes:

* **Evaporation:** The sun's energy heats water in bodies like oceans, lakes, and rivers, transforming it into water vapor (a gas).  This vapor rises into the atmosphere.  Transpiration is a similar process where plants release water vapor into the air through their leaves.  Evaporation and transpiration together are often referred to as evapotranspiration.

* **Condensation:** As the water vapor rises, it cools and condenses, meaning it changes from a gas back into a liquid.  This happens because colder air can hold less water vapor.  The water vapor condenses around tiny particles in the air (like dust or pollen), forming clouds.

* **Precipitation:** When the water droplets in clouds become too heavy, they fall back to Earth as precipitation. This can take many forms, including rain, snow, sleet, or hail.

* **Collection:** Once precipitation reaches the ground, it's collected in various ways.  Some water flows over the land surface as runoff, eventually reaching rivers, lakes, and oceans.  Some water soaks into the ground, becoming groundwater.  This groundwater can eventually resurface through springs or be absorbed by plants.  Some water also flows into glaciers and ice caps, which store large quantities of water for extended periods.

The cycle then repeats itself, continuing the endless movement of water through the Earth's systems.  It's important to note that the water cycle isn't a simple linear process; water moves between different parts of the cycle constantly and in complex ways.  For instance, water can evaporate directly from snow or ice (sublimation), or it can infiltrate the ground and become part of groundwater stores before eventually returning to the surface.  The balance of these processes influences weather patterns, climate, and the availability of freshwater resources.",Critic: Answer is sufficient.,"The water cycle, also known as the hydrologic cycle, is the continuous movement of water on, above, and below the surface of the Earth.  It's a closed system, meaning water isn't created or destroyed, just constantly recycled.  The cycle is driven by solar energy and gravity.  Here's a breakdown of the key processes:

* **Evaporation:** The sun's energy heats water in bodies like oceans, lakes, and rivers, transforming it into water vapor (a gas).  This vapor rises into the atmosphere.  Transpiration is a similar process where plants release water vapor into the air through their leaves.  Evaporation and transpiration together are often referred to as evapotranspiration.

* **Condensation:** As the water vapor rises, it cools and condenses, meaning it changes from a gas back into a liquid.  This happens because colder air can hold less water vapor.  The water vapor condenses around tiny particles in the air (like dust or pollen), forming clouds.

* **Precipitation:** When the water droplets in clouds become too heavy, they fall back to Earth as precipitation. This can take many forms, including rain, snow, sleet, or hail.

* **Collection:** Once precipitation reaches the ground, it's collected in various ways.  Some water flows over the land surface as runoff, eventually reaching rivers, lakes, and oceans.  Some water soaks into the ground, becoming groundwater.  This groundwater can eventually resurface through springs or be absorbed by plants.  Some water also flows into glaciers and ice caps, which store large quantities of water for extended periods.

The cycle then repeats itself, continuing the endless movement of water through the Earth's systems.  It's important to note that the water cycle isn't a simple linear process; water moves between different parts of the cycle constantly and in complex ways.  For instance, water can evaporate directly from snow or ice (sublimation), or it can infiltrate the ground and become part of groundwater stores before eventually returning to the surface.  The balance of these processes influences weather patterns, climate, and the availability of freshwater resources."
1,What causes day and night?,"Day and night are caused by the **Earth's rotation on its axis**.  As the Earth spins on its axis, different parts of the planet are exposed to the Sun's light.  The part facing the Sun experiences daytime, while the part facing away experiences nighttime.",Critic: Answer needs improvement.,"The Earth's rotation on its axis causes day and night.  As the Earth rotates, different parts are illuminated by the Sun, creating daytime in the illuminated areas and nighttime in the unilluminated areas."
2,What causes day and night?,"The Earth's rotation on its axis causes day and night.  As the Earth rotates, different parts are illuminated by the Sun, creating daytime in the illuminated areas and nighttime in the unilluminated areas.",Critic: Answer needs improvement.,"Earth's rotation on its axis causes day and night, as different parts of the planet are exposed to sunlight at different times."
3,What causes day and night?,"Earth's rotation on its axis causes day and night, as different parts of the planet are exposed to sunlight at different times.",Critic: Answer needs improvement.,The Earth's rotation on its axis causes day and night.
1,Define biodiversity.,"Biodiversity, or biological diversity, is the variety of life at all its levels – from genes to ecosystems – and the ecological and evolutionary processes that sustain it.  This includes the diversity *within* species (genetic diversity), *between* species (species diversity), and of *ecosystems* (ecosystem diversity).",Critic: Answer is sufficient.,"Biodiversity, or biological diversity, is the variety of life at all its levels – from genes to ecosystems – and the ecological and evolutionary processes that sustain it.  This includes the diversity *within* species (genetic diversity), *between* species (species diversity), and of *ecosystems* (ecosystem diversity)."
1,What is the powerhouse of the cell?,The **mitochondria** are the powerhouse of the cell.,Critic: Answer is sufficient.,The **mitochondria** are the powerhouse of the cell.
1,What is the freezing point of water in Fahrenheit?,32 degrees Fahrenheit.,Critic: Answer is sufficient.,32 degrees Fahrenheit.
1,What is the smallest prime number?,The smallest prime number is 2.,Critic: Answer is sufficient.,The smallest prime number is 2.
1,What is the speed of light?,"The speed of light in a vacuum is approximately **299,792,458 meters per second**.  This is often rounded to 3 x 10<sup>8</sup> m/s (or 300,000 kilometers per second).",Critic: Answer needs improvement.,"299,792,458 meters per second (approximately 3 x 10<sup>8</sup> m/s)"
2,What is the speed of light?,"299,792,458 meters per second (approximately 3 x 10<sup>8</sup> m/s)",Critic: Answer is sufficient.,"299,792,458 meters per second (approximately 3 x 10<sup>8</sup> m/s)"
1,What is the largest planet in the solar system?,Jupiter is the largest planet in our solar system.,Critic: Answer is sufficient.,Jupiter is the largest planet in our solar system.
1,Define ecosystem.,"An ecosystem is a community of living organisms (plants, animals, microorganisms) in conjunction with the nonliving components of their environment (things like air, water, and mineral soil), interacting as a system.  These interactions involve the flow of energy and the cycling of nutrients among the organisms and their environment.  Essentially, it's a complex web of life and its surroundings functioning together.",Critic: Answer is sufficient.,"An ecosystem is a community of living organisms (plants, animals, microorganisms) in conjunction with the nonliving components of their environment (things like air, water, and mineral soil), interacting as a system.  These interactions involve the flow of energy and the cycling of nutrients among the organisms and their environment.  Essentially, it's a complex web of life and its surroundings functioning together."
1,What is the boiling point of water in Celsius?,100 degrees Celsius.,Critic: Answer is sufficient.,100 degrees Celsius.
1,Define gravity.,"Gravity is a fundamental interaction, or force, that causes mutual attraction between objects with mass or energy.  The more massive an object, the stronger its gravitational pull.  It's what keeps planets orbiting stars, and us on the ground.  While we experience it as a force pulling us downwards,  Einstein's theory of General Relativity describes gravity not as a force, but as a curvature of spacetime caused by the presence of mass and energy.",Critic: Answer is sufficient.,"Gravity is a fundamental interaction, or force, that causes mutual attraction between objects with mass or energy.  The more massive an object, the stronger its gravitational pull.  It's what keeps planets orbiting stars, and us on the ground.  While we experience it as a force pulling us downwards,  Einstein's theory of General Relativity describes gravity not as a force, but as a curvature of spacetime caused by the presence of mass and energy."
1,What is the longest mountain range in the world?,The longest mountain range in the world is the Andes Mountains.,Critic: Answer is sufficient.,The longest mountain range in the world is the Andes Mountains.
1,What is the basic unit of life?,The basic unit of life is the **cell**.,Critic: Answer is sufficient.,The basic unit of life is the **cell**.
1,What is the primary function of the brain?,"The primary function of the brain is to **integrate information and coordinate bodily functions**.  This encompasses a vast array of activities, including:

* **Receiving sensory input:** Gathering information from the environment through sight, hearing, touch, taste, and smell.
* **Processing information:** Analyzing and interpreting sensory input, as well as internal signals from the body.
* **Generating motor output:**  Sending signals to muscles and glands to initiate actions and regulate bodily processes.
* **Regulating homeostasis:** Maintaining a stable internal environment (e.g., temperature, heart rate, blood pressure).
* **Cognitive functions:**  Enabling higher-level processes like thinking, learning, memory, language, and emotion.

While individual brain regions have specific functions, the overall purpose is the seamless integration and coordination of all these processes to maintain life and enable conscious experience.",Critic: Answer needs improvement.,"The brain's primary function is to integrate information and control bodily functions, encompassing sensory input, information processing, motor output, homeostasis regulation, and cognitive functions."
2,What is the primary function of the brain?,"The brain's primary function is to integrate information and control bodily functions, encompassing sensory input, information processing, motor output, homeostasis regulation, and cognitive functions.",Critic: Answer needs improvement.,The brain's primary function is to process information and regulate bodily activities.
3,What is the primary function of the brain?,The brain's primary function is to process information and regulate bodily activities.,Critic: Answer needs improvement.,The brain's primary function is information processing and the control of bodily functions.
1,What is the term for animals that eat both plants and animals?,Omnivore,Critic: Answer is sufficient.,Omnivore
1,Define climate change.,"Climate change refers to long-term shifts in temperatures and weather patterns.  These shifts may be natural, but since the 1800s, human activities have been the main driver of climate change, primarily due to the burning of fossil fuels (like coal, oil, and gas) which releases greenhouse gases into the atmosphere.  These gases trap heat, causing a warming planet and triggering a range of changes in weather patterns, including more frequent and intense heatwaves, droughts, floods, wildfires, and sea level rise.",Critic: Answer is sufficient.,"Climate change refers to long-term shifts in temperatures and weather patterns.  These shifts may be natural, but since the 1800s, human activities have been the main driver of climate change, primarily due to the burning of fossil fuels (like coal, oil, and gas) which releases greenhouse gases into the atmosphere.  These gases trap heat, causing a warming planet and triggering a range of changes in weather patterns, including more frequent and intense heatwaves, droughts, floods, wildfires, and sea level rise."
1,Who is the CEO of Microsoft?,The CEO of Microsoft is Satya Nadella.,Critic: Answer is sufficient.,The CEO of Microsoft is Satya Nadella.
1,Who invented the airplane?,"The Wright brothers, Orville and Wilbur, are credited with inventing and building the world's first successful airplane and making the first controlled, sustained flight.",Critic: Answer is sufficient.,"The Wright brothers, Orville and Wilbur, are credited with inventing and building the world's first successful airplane and making the first controlled, sustained flight."
1,Who was the first woman to win a Nobel Prize?,Marie Curie was the first woman to win a Nobel Prize.,Critic: Answer is sufficient.,Marie Curie was the first woman to win a Nobel Prize.
1,Who is the founder of Facebook?,Mark Zuckerberg is the founder of Facebook.,Critic: Answer is sufficient.,Mark Zuckerberg is the founder of Facebook.
1,Who was the first person to climb Mount Everest?,"Sir Edmund Hillary and Tenzing Norgay were the first people to successfully climb Mount Everest and reach its summit, in 1953.",Critic: Answer needs improvement.,"Sir Edmund Hillary and Tenzing Norgay were the first to reach the summit of Mount Everest, in 1953."
2,Who was the first person to climb Mount Everest?,"Sir Edmund Hillary and Tenzing Norgay were the first to reach the summit of Mount Everest, in 1953.",Critic: Answer is sufficient.,"Sir Edmund Hillary and Tenzing Norgay were the first to reach the summit of Mount Everest, in 1953."
1,Who is known as the 'Father of Modern Physics'?,"Isaac Newton is widely known as the ""Father of Modern Physics"".",Critic: Answer is sufficient.,"Isaac Newton is widely known as the ""Father of Modern Physics""."
1,Who painted the Last Supper?,Leonardo da Vinci painted the Last Supper.,Critic: Answer is sufficient.,Leonardo da Vinci painted the Last Supper.
1,Who developed the theory of relativity?,Albert Einstein developed the theory of relativity.,Critic: Answer is sufficient.,Albert Einstein developed the theory of relativity.
1,Who wrote 'Hamlet'?,William Shakespeare wrote Hamlet.,Critic: Answer is sufficient.,William Shakespeare wrote Hamlet.
1,Who invented the telephone?,Alexander Graham Bell is credited with inventing the telephone.,Critic: Answer is sufficient.,Alexander Graham Bell is credited with inventing the telephone.
1,Who wrote 'The Odyssey'?,Homer is traditionally credited with writing *The Odyssey*.,Critic: Answer is sufficient.,Homer is traditionally credited with writing *The Odyssey*.
1,Who is the founder of Tesla Motors?,"Tesla Motors was founded by Martin Eberhard and Marc Tarpenning.  While Elon Musk is widely associated with Tesla and became a significant investor and later CEO, he was not a founder.",Critic: Answer is sufficient.,"Tesla Motors was founded by Martin Eberhard and Marc Tarpenning.  While Elon Musk is widely associated with Tesla and became a significant investor and later CEO, he was not a founder."
1,Who is considered the founder of Buddhism?,"Siddhartha Gautama, who later became known as the Buddha, is considered the founder of Buddhism.",Critic: Answer needs improvement.,"Siddhartha Gautama, the Buddha, founded Buddhism."
2,Who is considered the founder of Buddhism?,"Siddhartha Gautama, the Buddha, founded Buddhism.",Critic: Answer is sufficient.,"Siddhartha Gautama, the Buddha, founded Buddhism."
1,What is the largest ocean in the world?,The largest ocean in the world is the Pacific Ocean.,Critic: Answer is sufficient.,The largest ocean in the world is the Pacific Ocean.
1,How many continents are there?,"The number of continents depends on the model used.  There's no single universally agreed-upon answer.  Commonly, people use either **seven** or **six**.",Critic: Answer needs improvement.,"Six or seven, depending on the model used."
2,How many continents are there?,"Six or seven, depending on the model used.",Critic: Answer needs improvement.,"Seven or six, depending on the model used."
3,How many continents are there?,"Seven or six, depending on the model used.",Critic: Answer needs improvement.,"The number of continents varies depending on the model used;  seven is the most common, but six is also used."
1,What is the capital of Argentina?,Buenos Aires,Critic: Answer is sufficient.,Buenos Aires
1,What is the national bird of India?,"The national bird of India is the **Indian Peafowl** (Pavo cristatus), also known as the **common peafowl** or **blue peafowl**.",Critic: Answer is sufficient.,"The national bird of India is the **Indian Peafowl** (Pavo cristatus), also known as the **common peafowl** or **blue peafowl**."
1,What is the capital of Thailand?,The capital of Thailand is Bangkok.,Critic: Answer is sufficient.,The capital of Thailand is Bangkok.
1,What is the tallest building in the world?,The tallest building in the world is the Burj Khalifa.,Critic: Answer is sufficient.,The tallest building in the world is the Burj Khalifa.
1,Name a famous volcano.,Mount Vesuvius,Critic: Answer is sufficient.,Mount Vesuvius
1,What is the average lifespan of a human?,"The average human lifespan varies significantly depending on factors like country, access to healthcare, and lifestyle.  However, a commonly cited global average is around **73 years**.  It's important to remember this is just an average; some people live much shorter lives, and others live considerably longer.",Critic: Answer needs improvement.,The average global human lifespan is approximately 73 years.
2,What is the average lifespan of a human?,The average global human lifespan is approximately 73 years.,Critic: Answer is sufficient.,The average global human lifespan is approximately 73 years.
1,What is the capital of Turkey?,Ankara,Critic: Answer is sufficient.,Ankara
1,What is the longest river in Asia?,"The longest river in Asia is the Yangtze River (Chang Jiang), located in China.",Critic: Answer is sufficient.,"The longest river in Asia is the Yangtze River (Chang Jiang), located in China."
1,Name a famous historical landmark in Italy.,The Colosseum,Critic: Answer is sufficient.,The Colosseum
1,What is the largest island in the world?,The largest island in the world is Greenland.,Critic: Answer is sufficient.,The largest island in the world is Greenland.
1,What is the capital of Portugal?,Lisbon,Critic: Answer is sufficient.,Lisbon
1,What is the capital of Sweden?,Stockholm,Critic: Answer is sufficient.,Stockholm
1,What is the name of the world's largest coral reef system?,The Great Barrier Reef.,Critic: Answer is sufficient.,The Great Barrier Reef.
1,What is the largest lake in Africa?,Lake Victoria is the largest lake in Africa.,Critic: Answer is sufficient.,Lake Victoria is the largest lake in Africa.
1,What is the capital of Malaysia?,Kuala Lumpur is the capital of Malaysia.,Critic: Answer is sufficient.,Kuala Lumpur is the capital of Malaysia.
1,What is the smallest country in the world?,The smallest country in the world is Vatican City.,Critic: Answer is sufficient.,The smallest country in the world is Vatican City.
1,Define renewable resources.,"Renewable resources are natural resources that replenish themselves over a relatively short period of time, or are perpetually available.  This means they can be used repeatedly without depleting the resource.  The rate of replenishment must be faster than, or at least equal to, the rate of consumption.

Examples include:

* **Solar energy:** Sunlight
* **Wind energy:** Kinetic energy from wind
* **Hydropower:** Energy from flowing water
* **Geothermal energy:** Heat from the Earth's interior
* **Biomass energy:** Energy from organic matter (wood, crops, etc.)
* **Tidal energy:** Energy from ocean tides


It's important to note that while these resources are renewable, their *sustainable use* depends on responsible management.  Overexploitation or unsustainable practices can still lead to depletion or environmental damage, even with renewable resources.",Critic: Answer is sufficient.,"Renewable resources are natural resources that replenish themselves over a relatively short period of time, or are perpetually available.  This means they can be used repeatedly without depleting the resource.  The rate of replenishment must be faster than, or at least equal to, the rate of consumption.

Examples include:

* **Solar energy:** Sunlight
* **Wind energy:** Kinetic energy from wind
* **Hydropower:** Energy from flowing water
* **Geothermal energy:** Heat from the Earth's interior
* **Biomass energy:** Energy from organic matter (wood, crops, etc.)
* **Tidal energy:** Energy from ocean tides


It's important to note that while these resources are renewable, their *sustainable use* depends on responsible management.  Overexploitation or unsustainable practices can still lead to depletion or environmental damage, even with renewable resources."
1,Define urbanization.,"Urbanization is the increasing concentration of human populations in cities and towns.  It's a process that involves the transformation of rural areas into urban areas, characterized by the growth of cities and the expansion of urban influence.  This includes not only population shifts but also changes in land use, infrastructure, economy, and social structures.",Critic: Answer is sufficient.,"Urbanization is the increasing concentration of human populations in cities and towns.  It's a process that involves the transformation of rural areas into urban areas, characterized by the growth of cities and the expansion of urban influence.  This includes not only population shifts but also changes in land use, infrastructure, economy, and social structures."
1,What is the primary religion in Japan?,"There is no single primary religion in Japan in the sense of a dominant faith adhered to by a clear majority of the population.  Instead, Shinto and Buddhism coexist and often intertwine in the lives of many Japanese people.  While surveys show a higher percentage identifying with Buddhism, the practice often blends with Shinto traditions and beliefs.  Therefore, it's inaccurate to declare one as definitively ""primary"".",Critic: Answer needs improvement.,"Shinto and Buddhism are the two most prevalent religions in Japan, often practiced syncretically.  Neither enjoys a clear majority, making it impossible to designate a single primary religion."
2,What is the primary religion in Japan?,"Shinto and Buddhism are the two most prevalent religions in Japan, often practiced syncretically.  Neither enjoys a clear majority, making it impossible to designate a single primary religion.",Critic: Answer needs improvement.,"Shinto and Buddhism are the two most prevalent religions in Japan, often practiced syncretically."
3,What is the primary religion in Japan?,"Shinto and Buddhism are the two most prevalent religions in Japan, often practiced syncretically.",Critic: Answer is sufficient.,"Shinto and Buddhism are the two most prevalent religions in Japan, often practiced syncretically."
1,What is the currency of Mexico?,The currency of Mexico is the Mexican peso (MXN).,Critic: Answer is sufficient.,The currency of Mexico is the Mexican peso (MXN).
1,Who is the current President of the United States?,The current President of the United States is Joe Biden.,Critic: Answer needs improvement.,Joe Biden
2,Who is the current President of the United States?,Joe Biden,Critic: Answer is sufficient.,Joe Biden
1,Name a famous American civil rights leader.,Martin Luther King Jr.,Critic: Answer is sufficient.,Martin Luther King Jr.
1,What is the national sport of Canada?,Ice hockey is the national winter sport of Canada.,Critic: Answer is sufficient.,Ice hockey is the national winter sport of Canada.
1,What does HTTP stand for?,HTTP stands for **Hypertext Transfer Protocol**.,Critic: Answer is sufficient.,HTTP stands for **Hypertext Transfer Protocol**.
1,What does UNESCO stand for?,"UNESCO stands for the **United Nations Educational, Scientific and Cultural Organization**.",Critic: Answer is sufficient.,"UNESCO stands for the **United Nations Educational, Scientific and Cultural Organization**."
1,What does RAM stand for in computing?,RAM stands for **Random Access Memory**.,Critic: Answer is sufficient.,RAM stands for **Random Access Memory**.
1,What is the main ingredient in guacamole?,Avocados.,Critic: Answer is sufficient.,Avocados.
1,What is the term for a baby kangaroo?,Joey,Critic: Answer is sufficient.,Joey
1,What is a tsunami?,"A tsunami is a series of large waves generated by the displacement of a large volume of water, usually in an ocean or a large lake.  This displacement can be caused by several events, most commonly:

* **Earthquakes:**  Underwater earthquakes that cause the seafloor to shift vertically are the most frequent cause of tsunamis.  The sudden movement displaces the water column above it, generating the waves.

* **Volcanic eruptions:**  Volcanic eruptions, particularly those that occur underwater or near the coast, can trigger tsunamis.  The eruption can displace large amounts of water or cause a collapse of the volcano into the sea.

* **Landslides:**  Submarine or coastal landslides can cause a large volume of water to be displaced, generating a tsunami. This can happen on land that slides into the ocean or underwater.

* **Meteorite impacts:**  Though rare, a large meteorite impacting the ocean can create a massive tsunami.

Unlike regular waves, which are caused by wind, tsunamis have extremely long wavelengths (the distance between wave crests) and travel at incredibly high speeds in the open ocean.  They can travel hundreds of kilometers per hour.  In deep water, they are often hardly noticeable, appearing as a slight rise or fall in sea level.  However, as the tsunami approaches shallow coastal waters, the wavelength shortens and the wave height dramatically increases, causing devastating flooding and destruction.",Critic: Answer is sufficient.,"A tsunami is a series of large waves generated by the displacement of a large volume of water, usually in an ocean or a large lake.  This displacement can be caused by several events, most commonly:

* **Earthquakes:**  Underwater earthquakes that cause the seafloor to shift vertically are the most frequent cause of tsunamis.  The sudden movement displaces the water column above it, generating the waves.

* **Volcanic eruptions:**  Volcanic eruptions, particularly those that occur underwater or near the coast, can trigger tsunamis.  The eruption can displace large amounts of water or cause a collapse of the volcano into the sea.

* **Landslides:**  Submarine or coastal landslides can cause a large volume of water to be displaced, generating a tsunami. This can happen on land that slides into the ocean or underwater.

* **Meteorite impacts:**  Though rare, a large meteorite impacting the ocean can create a massive tsunami.

Unlike regular waves, which are caused by wind, tsunamis have extremely long wavelengths (the distance between wave crests) and travel at incredibly high speeds in the open ocean.  They can travel hundreds of kilometers per hour.  In deep water, they are often hardly noticeable, appearing as a slight rise or fall in sea level.  However, as the tsunami approaches shallow coastal waters, the wavelength shortens and the wave height dramatically increases, causing devastating flooding and destruction."
1,Explain how a rainbow is formed.,"Rainbows are formed by a combination of sunlight and water droplets in the atmosphere.  Here's the breakdown:

1. **Sunlight enters a raindrop:** Sunlight is actually made up of all the colors of the visible spectrum (red, orange, yellow, green, blue, indigo, and violet).  When sunlight enters a raindrop, it slows down and bends (this is called refraction).

2. **Sunlight is reflected:**  The light then travels to the back of the raindrop.  Instead of passing through, a significant portion is reflected off the inner surface of the raindrop.

3. **Sunlight is refracted again:** As the light exits the raindrop, it's refracted again, separating the colors even further because different wavelengths of light (different colors) bend at slightly different angles.

4. **Dispersion of colors:**  This second refraction separates the colors of the sunlight, creating the spectrum we see as a rainbow.  Red light bends the least, and violet light bends the most, resulting in the characteristic red on the outside and violet on the inside arc.

5. **Observation:**  We see a rainbow when we are positioned at the right angle relative to the sun and the falling raindrops. Each raindrop is reflecting and refracting a specific color towards your eye. Since countless raindrops are involved, you see a continuous spectrum.


In short, rainbows are created by the refraction and reflection of sunlight within water droplets, resulting in the separation of the light into its constituent colors.  You need sunlight shining from behind you and raindrops in front of you to see a rainbow.",Critic: Answer needs improvement.,"Rainbows are formed when sunlight interacts with water droplets in the atmosphere.  Sunlight, composed of all visible colors, refracts (bends) upon entering a raindrop, slowing down as it passes from air to denser water.  This light then reflects off the back of the raindrop before refracting again as it exits, further separating the colors.  Because different wavelengths of light (colors) bend at slightly different angles, the light disperses into a spectrum, with red bending least and violet most.  We see a rainbow when positioned so that these separated colors from numerous raindrops reach our eyes, creating a continuous arc.  Therefore, rainbows require sunlight behind the observer and rain in front."
2,Explain how a rainbow is formed.,"Rainbows are formed when sunlight interacts with water droplets in the atmosphere.  Sunlight, composed of all visible colors, refracts (bends) upon entering a raindrop, slowing down as it passes from air to denser water.  This light then reflects off the back of the raindrop before refracting again as it exits, further separating the colors.  Because different wavelengths of light (colors) bend at slightly different angles, the light disperses into a spectrum, with red bending least and violet most.  We see a rainbow when positioned so that these separated colors from numerous raindrops reach our eyes, creating a continuous arc.  Therefore, rainbows require sunlight behind the observer and rain in front.",Critic: Answer is sufficient.,"Rainbows are formed when sunlight interacts with water droplets in the atmosphere.  Sunlight, composed of all visible colors, refracts (bends) upon entering a raindrop, slowing down as it passes from air to denser water.  This light then reflects off the back of the raindrop before refracting again as it exits, further separating the colors.  Because different wavelengths of light (colors) bend at slightly different angles, the light disperses into a spectrum, with red bending least and violet most.  We see a rainbow when positioned so that these separated colors from numerous raindrops reach our eyes, creating a continuous arc.  Therefore, rainbows require sunlight behind the observer and rain in front."
1,What is a tsunami?,"A tsunami is a series of large waves generated by the displacement of a large volume of water, typically in an ocean or a large lake.  This displacement is most commonly caused by underwater earthquakes, but can also be triggered by other events such as:

* **Underwater volcanic eruptions:**  The eruption can displace vast amounts of water.
* **Landslides:**  Submarine or coastal landslides can send huge volumes of debris into the water.
* **Meteorite impacts:**  The impact of a large meteorite can generate massive waves.
* **Glacial calving:** A large piece of ice breaking off a glacier into the water.  This is less common as a tsunami source.

Unlike normal ocean waves created by wind, tsunamis have extremely long wavelengths (the distance between successive wave crests) and can travel at incredibly high speeds across the open ocean.  In deep water, they might be barely noticeable, appearing only as a slight rise in sea level. However, as they approach shallower coastal waters, the wave slows down and the energy is compressed, resulting in a dramatic increase in wave height—often reaching tens of meters—causing devastating flooding and destruction.",Critic: Answer is sufficient.,"A tsunami is a series of large waves generated by the displacement of a large volume of water, typically in an ocean or a large lake.  This displacement is most commonly caused by underwater earthquakes, but can also be triggered by other events such as:

* **Underwater volcanic eruptions:**  The eruption can displace vast amounts of water.
* **Landslides:**  Submarine or coastal landslides can send huge volumes of debris into the water.
* **Meteorite impacts:**  The impact of a large meteorite can generate massive waves.
* **Glacial calving:** A large piece of ice breaking off a glacier into the water.  This is less common as a tsunami source.

Unlike normal ocean waves created by wind, tsunamis have extremely long wavelengths (the distance between successive wave crests) and can travel at incredibly high speeds across the open ocean.  In deep water, they might be barely noticeable, appearing only as a slight rise in sea level. However, as they approach shallower coastal waters, the wave slows down and the energy is compressed, resulting in a dramatic increase in wave height—often reaching tens of meters—causing devastating flooding and destruction."
1,What is the tallest waterfall in the world?,The tallest waterfall in the world is Angel Falls (Salto Ángel) in Venezuela.,Critic: Answer is sufficient.,The tallest waterfall in the world is Angel Falls (Salto Ángel) in Venezuela.
1,What is the chemical symbol for gold?,Au,Critic: Answer is sufficient.,Au
1,What is the deepest part of the ocean?,"The deepest part of the ocean is the **Challenger Deep**, located in the Mariana Trench in the Pacific Ocean.",Critic: Answer is sufficient.,"The deepest part of the ocean is the **Challenger Deep**, located in the Mariana Trench in the Pacific Ocean."
1,What is the national flower of Japan?,The national flower of Japan is the **chrysanthemum**.,Critic: Answer is sufficient.,The national flower of Japan is the **chrysanthemum**.
1,What is the primary function of the kidneys?,"The primary function of the kidneys is to **filter blood and produce urine**.  This process removes waste products and excess fluid from the blood, maintaining the body's internal balance (homeostasis).",Critic: Answer needs improvement.,"The kidneys' primary function is to filter blood, removing waste products and excess water to produce urine, thereby maintaining homeostasis."
2,What is the primary function of the kidneys?,"The kidneys' primary function is to filter blood, removing waste products and excess water to produce urine, thereby maintaining homeostasis.",Critic: Answer is sufficient.,"The kidneys' primary function is to filter blood, removing waste products and excess water to produce urine, thereby maintaining homeostasis."
1,What is the term for animals that eat both plants and animals?,Omnivores,Critic: Answer is sufficient.,Omnivores
1,What is the difference between weather and climate?,"The difference between weather and climate lies in their timescales:

* **Weather** refers to the short-term state of the atmosphere at a particular time and place.  It includes things like temperature, humidity, precipitation, wind speed and direction, cloud cover, and visibility.  Weather can change dramatically from hour to hour or day to day.

* **Climate**, on the other hand, describes the long-term average weather patterns of a region over a period of at least 30 years (though often much longer).  It's a summary of the range of weather conditions that are typical for a place over a long period, including average temperatures, precipitation amounts, and the frequency of extreme weather events.

Think of it this way: weather is what you get, and climate is what you expect.  You might have a hot, sunny day (weather), but that doesn't mean you live in a hot, sunny climate.  A region might typically have cool, rainy weather in the winter (climate), but it can still experience a warm, sunny day in winter (weather).",Critic: Answer needs improvement.,"Weather describes the short-term state of the atmosphere, including temperature, humidity, precipitation, wind, and cloud cover, and can change dramatically in hours or days.  Climate, conversely, represents the long-term average weather patterns of a region over at least 30 years, encompassing typical temperature ranges, precipitation amounts, and the frequency of extreme weather events."
2,What is the difference between weather and climate?,"Weather describes the short-term state of the atmosphere, including temperature, humidity, precipitation, wind, and cloud cover, and can change dramatically in hours or days.  Climate, conversely, represents the long-term average weather patterns of a region over at least 30 years, encompassing typical temperature ranges, precipitation amounts, and the frequency of extreme weather events.",Critic: Answer needs improvement.,"Weather is the short-term state of the atmosphere at a particular time and place, characterized by elements like temperature, humidity, precipitation, and wind. Climate, in contrast, is the long-term average weather pattern of a region, typically over 30 years or more, encompassing its typical temperature, precipitation, and the frequency of extreme weather events."
3,What is the difference between weather and climate?,"Weather is the short-term state of the atmosphere at a particular time and place, characterized by elements like temperature, humidity, precipitation, and wind. Climate, in contrast, is the long-term average weather pattern of a region, typically over 30 years or more, encompassing its typical temperature, precipitation, and the frequency of extreme weather events.",Critic: Answer needs improvement.,"Weather refers to the short-term atmospheric conditions at a specific time and location, including temperature, humidity, precipitation, and wind.  Climate, however, describes the long-term average weather patterns of a region over at least 30 years, encompassing typical temperature, precipitation, and the frequency of extreme weather events."
1,What is a tsunami?,"A tsunami is a series of large waves generated in a body of water by a rapid displacement of a large volume of water.  This displacement can be caused by several events, most commonly:

* **Earthquakes:**  Undersea earthquakes are the most frequent cause of tsunamis.  A sudden vertical movement of the seafloor displaces the water column above it, generating waves.  The larger the earthquake and the closer to the surface the rupture, the larger the tsunami.

* **Volcanic eruptions:**  Submarine or near-shore volcanic eruptions can also displace large volumes of water, triggering tsunamis.  The eruption itself or associated landslides can cause this displacement.

* **Landslides:**  Large landslides, whether into water (e.g., into a lake or the ocean) or into a body of water from adjacent land, can generate significant waves.

* **Meteorite impacts:**  While extremely rare, a large meteorite impacting the ocean could generate a massive tsunami.

Unlike normal waves caused by wind, tsunamis have extremely long wavelengths (the distance between wave crests) and travel at high speeds across the open ocean.  In deep water, they may be barely noticeable, appearing as a slight rise or fall in sea level. However, as they approach shallower coastal waters, the wave's speed decreases and its height dramatically increases, often resulting in devastating inundation.",Critic: Answer is sufficient.,"A tsunami is a series of large waves generated in a body of water by a rapid displacement of a large volume of water.  This displacement can be caused by several events, most commonly:

* **Earthquakes:**  Undersea earthquakes are the most frequent cause of tsunamis.  A sudden vertical movement of the seafloor displaces the water column above it, generating waves.  The larger the earthquake and the closer to the surface the rupture, the larger the tsunami.

* **Volcanic eruptions:**  Submarine or near-shore volcanic eruptions can also displace large volumes of water, triggering tsunamis.  The eruption itself or associated landslides can cause this displacement.

* **Landslides:**  Large landslides, whether into water (e.g., into a lake or the ocean) or into a body of water from adjacent land, can generate significant waves.

* **Meteorite impacts:**  While extremely rare, a large meteorite impacting the ocean could generate a massive tsunami.

Unlike normal waves caused by wind, tsunamis have extremely long wavelengths (the distance between wave crests) and travel at high speeds across the open ocean.  In deep water, they may be barely noticeable, appearing as a slight rise or fall in sea level. However, as they approach shallower coastal waters, the wave's speed decreases and its height dramatically increases, often resulting in devastating inundation."
